Parameter,Object,Writable,Value,Value type
Device,true,false,,
Device.DeviceInfo,true,false,,
Device.WiFi,true,false,,
Device.WiFi.DataElements,true,false,,
Device.WiFi.DataElements.Network,true,false,,
Device.WiFi.AccessPoint,true,false,,
Device.Hosts,true,false,,
Device.Hosts.Host,true,false,,
Device.BulkData,true,false,,
Device.BulkData.Profile,true,false,,
Device.BulkData.Profile.1,true,false,,
Device.BulkData.Profile.1.HTTP,true,false,,
Device.BulkData.Profile.1.HTTP.RequestURIParameter,true,false,,
Device.BulkData.Profile.1.JSONEncoding,true,false,,
Device.BulkData.Profile.1.Parameter,true,false,,
Device.ManagementServer,true,false,,
Device.Firewall,true,false,,
Device.WiFi.SSID,true,false,,
Device.WiFi.Radio,true,false,,
Device.Ethernet,true,false,,
Device.Ethernet.Interface,true,false,,
Device.IP,true,false,,
Device.IP.Interface,true,false,,
Device.DeviceInfo.Manufacturer,false,false,Sara-Lab,xsd:string
Device.DeviceInfo.ManufacturerOUI,false,false,535241,xsd:string
Device.DeviceInfo.ProductClass,false,false,EasyMeshVirtualCPE,xsd:string
Device.DeviceInfo.SerialNumber,false,false,200001,xsd:string
Device.DeviceInfo.SoftwareVersion,false,false,EasyMeshNetworkSimulator-1.0,xsd:string
Device.DeviceInfo.UpTime,false,false,4594,xsd:unsignedInt
Device.DeviceInfo.MemoryStatus,true,false,,
Device.DeviceInfo.MemoryStatus.Total,false,false,256,xsd:unsignedInt
Device.DeviceInfo.MemoryStatus.Free,false,false,147.8,xsd:unsignedInt
Device.DeviceInfo.ProcessStatus,true,false,,
Device.DeviceInfo.ProcessStatus.CPUUsage,false,false,19.4,xsd:unsignedInt
Device.DeviceInfo.Description,false,false,EasyMesh telemetry simulator for QoE lab,xsd:string
Device.RootDataModelVersion,false,false,2.20,xsd:string
Device.DeviceInfo.HardwareVersion,false,false,virtual-1,xsd:string
Device.DeviceInfo.ModelName,false,false,EasyMeshVirtualCPE,xsd:string
Device.ManagementServer.ConnectionRequestURL,false,false,http://tr069-sim:7547/,xsd:string
Device.BulkData.Enable,false,false,true,xsd:boolean
Device.BulkData.ProfileNumberOfEntries,false,false,1,xsd:unsignedInt
Device.BulkData.Profile.1.Alias,false,false,StatusDeviceRadio,xsd:string
Device.BulkData.Profile.1.Name,false,false,StatusDeviceRadio,xsd:string
Device.BulkData.Profile.1.Enable,false,false,true,xsd:boolean
Device.BulkData.Profile.1.Protocol,false,false,HTTP,xsd:string
Device.BulkData.Profile.1.EncodingType,false,false,JSON,xsd:string
Device.BulkData.Profile.1.ReportingInterval,false,false,3600,xsd:unsignedInt
Device.BulkData.Profile.1.TimeReference,false,false,0001-01-01T00:00:00Z,xsd:dateTime
Device.BulkData.Profile.1.HTTP.Method,false,false,POST,xsd:string
Device.BulkData.Profile.1.HTTP.URL,false,false,http://collector.local/bulkdata,xsd:string
Device.BulkData.Profile.1.HTTP.UseDateHeader,false,false,true,xsd:boolean
Device.BulkData.Profile.1.HTTP.Username,false,false,,xsd:string
Device.BulkData.Profile.1.HTTP.Password,false,false,,xsd:string
Device.BulkData.Profile.1.HTTP.Compression,false,false,None,xsd:string
Device.BulkData.Profile.1.HTTP.CompressionsSupported,false,false,"None,GZIP",xsd:string
Device.BulkData.Profile.1.HTTP.MethodsSupported,false,false,POST,xsd:string
Device.BulkData.Profile.1.JSONEncoding.ReportFormat,false,false,NameValuePair,xsd:string
Device.BulkData.Profile.1.JSONEncoding.ReportTimestamp,false,false,Unix-Epoch,xsd:string
Device.BulkData.Profile.1.Parameter.1,true,false,,
Device.BulkData.Profile.1.Parameter.1.Reference,false,false,Device.DeviceInfo.Description,xsd:string
Device.BulkData.Profile.1.Parameter.2,true,false,,
Device.BulkData.Profile.1.Parameter.2.Reference,false,false,Device.RootDataModelVersion,xsd:string
Device.BulkData.Profile.1.Parameter.3,true,false,,
Device.BulkData.Profile.1.Parameter.3.Reference,false,false,Device.WiFi.X_TPG_BandSteering.Enable,xsd:string
Device.BulkData.Profile.1.Parameter.4,true,false,,
Device.BulkData.Profile.1.Parameter.4.Reference,false,false,Device.WiFi.SSID.*.SSID,xsd:string
Device.BulkData.Profile.1.Parameter.5,true,false,,
Device.BulkData.Profile.1.Parameter.5.Reference,false,false,Device.WiFi.SSID.*.LowerLayers,xsd:string
Device.BulkData.Profile.1.Parameter.6,true,false,,
Device.BulkData.Profile.1.Parameter.6.Reference,false,false,Device.WiFi.Radio.*.Enable,xsd:string
Device.BulkData.Profile.1.Parameter.7,true,false,,
Device.BulkData.Profile.1.Parameter.7.Reference,false,false,Device.WiFi.Radio.*.Status,xsd:string
Device.BulkData.Profile.1.Parameter.8,true,false,,
Device.BulkData.Profile.1.Parameter.8.Reference,false,false,Device.DeviceInfo.Manufacturer,xsd:string
Device.BulkData.Profile.1.Parameter.9,true,false,,
Device.BulkData.Profile.1.Parameter.9.Reference,false,false,Device.DeviceInfo.UpTime,xsd:string
Device.BulkData.Profile.1.Parameter.10,true,false,,
Device.BulkData.Profile.1.Parameter.10.Reference,false,false,Device.WiFi.Radio.*.Channel,xsd:string
Device.BulkData.Profile.1.Parameter.11,true,false,,
Device.BulkData.Profile.1.Parameter.11.Reference,false,false,Device.WiFi.Radio.*.OperatingChannelBandwidth,xsd:string
Device.BulkData.Profile.1.Parameter.12,true,false,,
Device.BulkData.Profile.1.Parameter.12.Reference,false,false,Device.WiFi.Radio.*.OperatingFrequencyBand,xsd:string
Device.BulkData.Profile.1.Parameter.13,true,false,,
Device.BulkData.Profile.1.Parameter.13.Reference,false,false,Device.WiFi.Radio.*.CurrentOperatingChannelBandwidth,xsd:string
Device.BulkData.Profile.1.Parameter.14,true,false,,
Device.BulkData.Profile.1.Parameter.14.Reference,false,false,Device.WiFi.Radio.*.OperatingStandards,xsd:string
Device.BulkData.Profile.1.Parameter.15,true,false,,
Device.BulkData.Profile.1.Parameter.15.Reference,false,false,Device.WiFi.Radio.*.TransmitPower,xsd:string
Device.BulkData.Profile.1.Parameter.16,true,false,,
Device.BulkData.Profile.1.Parameter.16.Reference,false,false,Device.ManagementServer.ConnectionRequestURL,xsd:string
Device.BulkData.Profile.1.Parameter.17,true,false,,
Device.BulkData.Profile.1.Parameter.17.Reference,false,false,Device.WiFi.Radio.*.SupportedStandards,xsd:string
Device.BulkData.Profile.1.Parameter.18,true,false,,
Device.BulkData.Profile.1.Parameter.18.Reference,false,false,Device.WiFi.DataElements.Network.Device.*.Radio.*.Noise,xsd:string
Device.BulkData.Profile.1.Parameter.19,true,false,,
Device.BulkData.Profile.1.Parameter.19.Reference,false,false,Device.WiFi.DataElements.Network.Device.*.Radio.*.Utilization,xsd:string
Device.BulkData.Profile.1.Parameter.20,true,false,,
Device.BulkData.Profile.1.Parameter.20.Reference,false,false,Device.WiFi.AccessPoint.*.Status,xsd:string
Device.BulkData.Profile.1.Parameter.21,true,false,,
Device.BulkData.Profile.1.Parameter.21.Reference,false,false,Device.WiFi.AccessPoint.*.AssociatedDevice.*.Stats.RetryCount,xsd:string
Device.BulkData.Profile.1.Parameter.22,true,false,,
Device.BulkData.Profile.1.Parameter.22.Reference,false,false,Device.WiFi.AccessPoint.*.AssociatedDevice.*.SignalStrength,xsd:string
Device.BulkData.Profile.1.Parameter.23,true,false,,
Device.BulkData.Profile.1.Parameter.23.Reference,false,false,Device.WiFi.AccessPoint.*.SSIDReference,xsd:string
Device.BulkData.Profile.1.Parameter.24,true,false,,
Device.BulkData.Profile.1.Parameter.24.Reference,false,false,Device.WiFi.AccessPoint.*.AssociatedDevice.*.MACAddress,xsd:string
Device.BulkData.Profile.1.Parameter.25,true,false,,
Device.BulkData.Profile.1.Parameter.25.Reference,false,false,Device.WiFi.AccessPoint.*.AssociatedDevice.*.LastDataDownlinkRate,xsd:string
Device.BulkData.Profile.1.Parameter.26,true,false,,
Device.BulkData.Profile.1.Parameter.26.Reference,false,false,Device.WiFi.AccessPoint.*.AssociatedDevice.*.LastDataUplinkRate,xsd:string
Device.BulkData.Profile.1.Parameter.27,true,false,,
Device.BulkData.Profile.1.Parameter.27.Reference,false,false,Device.WiFi.AccessPoint.*.Enable,xsd:string
Device.BulkData.Profile.1.Parameter.28,true,false,,
Device.BulkData.Profile.1.Parameter.28.Reference,false,false,Device.WiFi.AccessPoint.*.AssociatedDevice.*.OperatingStandard,xsd:string
Device.BulkData.Profile.1.Parameter.29,true,false,,
Device.BulkData.Profile.1.Parameter.29.Reference,false,false,Device.WiFi.Radio.*.Stats.,xsd:string
Device.BulkData.Profile.1.Parameter.30,true,false,,
Device.BulkData.Profile.1.Parameter.30.Reference,false,false,Device.WiFi.DataElements.Network.Device.*.Radio.*.BSS.*.STANumberOfEntries,xsd:string
Device.BulkData.Profile.1.Parameter.31,true,false,,
Device.BulkData.Profile.1.Parameter.31.Reference,false,false,Device.WiFi.DataElements.Network.Device.*.Radio.*.BSS.*.STA.*.MACAddress,xsd:string
Device.BulkData.Profile.1.Parameter.32,true,false,,
Device.BulkData.Profile.1.Parameter.32.Reference,false,false,Device.WiFi.DataElements.Network.Device.*.Radio.*.BSS.*.BSSID,xsd:string
Device.BulkData.Profile.1.Parameter.33,true,false,,
Device.BulkData.Profile.1.Parameter.33.Reference,false,false,Device.WiFi.DataElements.Network.Device.*.Radio.*.BSS.*.STA.*.BytesSent,xsd:string
Device.BulkData.Profile.1.Parameter.34,true,false,,
Device.BulkData.Profile.1.Parameter.34.Reference,false,false,Device.WiFi.DataElements.Network.Device.*.Radio.*.BSS.*.STA.*.BytesReceived,xsd:string
Device.BulkData.Profile.1.Parameter.35,true,false,,
Device.BulkData.Profile.1.Parameter.35.Reference,false,false,Device.WiFi.DataElements.Network.Device.*.Radio.*.BSS.*.STA.*.LastConnectTime,xsd:string
Device.BulkData.Profile.1.Parameter.36,true,false,,
Device.BulkData.Profile.1.Parameter.36.Reference,false,false,Device.WiFi.DataElements.Network.Device.*.Radio.*.BSS.*.SSID,xsd:string
Device.BulkData.Profile.1.Parameter.37,true,false,,
Device.BulkData.Profile.1.Parameter.37.Reference,false,false,Device.Hosts.Host.*.PhysAddress,xsd:string
Device.BulkData.Profile.1.Parameter.38,true,false,,
Device.BulkData.Profile.1.Parameter.38.Reference,false,false,Device.Hosts.Host.*.IPAddress,xsd:string
Device.BulkData.Profile.1.Parameter.39,true,false,,
Device.BulkData.Profile.1.Parameter.39.Reference,false,false,Device.Hosts.Host.*.ClientID,xsd:string
Device.BulkData.Profile.1.Parameter.40,true,false,,
Device.BulkData.Profile.1.Parameter.40.Reference,false,false,Device.Hosts.Host.*.HostName,xsd:string
Device.BulkData.Profile.1.Parameter.41,true,false,,
Device.BulkData.Profile.1.Parameter.41.Reference,false,false,Device.Hosts.Host.*.Active,xsd:string
Device.BulkData.Profile.1.Parameter.42,true,false,,
Device.BulkData.Profile.1.Parameter.42.Reference,false,false,Device.Hosts.Host.*.InterfaceType,xsd:string
Device.BulkData.Profile.1.Parameter.43,true,false,,
Device.BulkData.Profile.1.Parameter.43.Reference,false,false,Device.WiFi.DataElements.Network.Device.*.Radio.*.BSS.*.STA.*.LastDataDownlinkRate,xsd:string
Device.BulkData.Profile.1.Parameter.44,true,false,,
Device.BulkData.Profile.1.Parameter.44.Reference,false,false,Device.WiFi.DataElements.Network.Device.*.Radio.*.BSS.*.STA.*.LastDataUplinkRate,xsd:string
Device.BulkData.Profile.1.Parameter.45,true,false,,
Device.BulkData.Profile.1.Parameter.45.Reference,false,false,Device.WiFi.DataElements.Network.Device.*.Radio.*.BSS.*.STA.*.EstMACDataRateDownlink,xsd:string
Device.BulkData.Profile.1.Parameter.46,true,false,,
Device.BulkData.Profile.1.Parameter.46.Reference,false,false,Device.WiFi.DataElements.Network.Device.*.Radio.*.BSS.*.STA.*.EstMACDataRateUplink,xsd:string
Device.BulkData.Profile.1.Parameter.47,true,false,,
Device.BulkData.Profile.1.Parameter.47.Reference,false,false,Device.Firewall.Enable,xsd:string
Device.BulkData.Profile.1.Parameter.48,true,false,,
Device.BulkData.Profile.1.Parameter.48.Reference,false,false,Device.Ethernet.Interface.*.DuplexMode,xsd:string
Device.BulkData.Profile.1.Parameter.49,true,false,,
Device.BulkData.Profile.1.Parameter.49.Reference,false,false,Device.Ethernet.Interface.*.Enable,xsd:string
Device.BulkData.Profile.1.Parameter.50,true,false,,
Device.BulkData.Profile.1.Parameter.50.Reference,false,false,Device.Ethernet.Interface.1.MACAddress,xsd:string
Device.BulkData.Profile.1.Parameter.51,true,false,,
Device.BulkData.Profile.1.Parameter.51.Reference,false,false,Device.Ethernet.Interface.1.Name,xsd:string
Device.BulkData.Profile.1.Parameter.52,true,false,,
Device.BulkData.Profile.1.Parameter.52.Reference,false,false,Device.Ethernet.Interface.*.Stats.BytesReceived,xsd:string
Device.BulkData.Profile.1.Parameter.53,true,false,,
Device.BulkData.Profile.1.Parameter.53.Reference,false,false,Device.Ethernet.Interface.*.Stats.BytesSent,xsd:string
Device.BulkData.Profile.1.Parameter.54,true,false,,
Device.BulkData.Profile.1.Parameter.54.Reference,false,false,Device.Ethernet.Interface.*.Stats.ErrorsReceived,xsd:string
Device.BulkData.Profile.1.Parameter.55,true,false,,
Device.BulkData.Profile.1.Parameter.55.Reference,false,false,Device.Ethernet.Interface.*.Stats.ErrorsSent,xsd:string
Device.BulkData.Profile.1.Parameter.56,true,false,,
Device.BulkData.Profile.1.Parameter.56.Reference,false,false,Device.Ethernet.Interface.*.Stats.PacketsReceived,xsd:string
Device.BulkData.Profile.1.Parameter.57,true,false,,
Device.BulkData.Profile.1.Parameter.57.Reference,false,false,Device.Ethernet.Interface.*.Stats.PacketsSent,xsd:string
Device.BulkData.Profile.1.Parameter.58,true,false,,
Device.BulkData.Profile.1.Parameter.58.Reference,false,false,Device.Ethernet.Interface.*.Status,xsd:string
Device.BulkData.Profile.1.Parameter.59,true,false,,
Device.BulkData.Profile.1.Parameter.59.Reference,false,false,Device.Ethernet.Interface.*.Upstream,xsd:string
Device.BulkData.Profile.1.Parameter.60,true,false,,
Device.BulkData.Profile.1.Parameter.60.Reference,false,false,Device.IP.Interface.*.Alias,xsd:string
Device.BulkData.Profile.1.Parameter.61,true,false,,
Device.BulkData.Profile.1.Parameter.61.Reference,false,false,Device.IP.Interface.*.Enable,xsd:string
Device.BulkData.Profile.1.Parameter.62,true,false,,
Device.BulkData.Profile.1.Parameter.62.Reference,false,false,Device.IP.Interface.*.IPv4Address.*.AddressingType,xsd:string
Device.BulkData.Profile.1.Parameter.63,true,false,,
Device.BulkData.Profile.1.Parameter.63.Reference,false,false,Device.IP.Interface.*.IPv4Address.*.Enable,xsd:string
Device.BulkData.Profile.1.Parameter.64,true,false,,
Device.BulkData.Profile.1.Parameter.64.Reference,false,false,Device.IP.Interface.*.IPv4Address.*.IPAddress,xsd:string
Device.BulkData.Profile.1.Parameter.65,true,false,,
Device.BulkData.Profile.1.Parameter.65.Reference,false,false,Device.IP.Interface.*.IPv4Address.*.Status,xsd:string
Device.BulkData.Profile.1.Parameter.66,true,false,,
Device.BulkData.Profile.1.Parameter.66.Reference,false,false,Device.IP.Interface.*.IPv4Address.*.SubnetMask,xsd:string
Device.BulkData.Profile.1.Parameter.67,true,false,,
Device.BulkData.Profile.1.Parameter.67.Reference,false,false,Device.IP.Interface.*.IPv4Enable,xsd:string
Device.BulkData.Profile.1.Parameter.68,true,false,,
Device.BulkData.Profile.1.Parameter.68.Reference,false,false,Device.IP.Interface.*.IPv6Enable,xsd:string
Device.BulkData.Profile.1.Parameter.69,true,false,,
Device.BulkData.Profile.1.Parameter.69.Reference,false,false,Device.IP.Interface.*.LowerLayers,xsd:string
Device.BulkData.Profile.1.Parameter.70,true,false,,
Device.BulkData.Profile.1.Parameter.70.Reference,false,false,Device.IP.Interface.*.Status,xsd:string
Device.BulkData.Profile.1.Parameter.71,true,false,,
Device.BulkData.Profile.1.Parameter.71.Reference,false,false,Device.IP.Interface.*.Stats.BytesReceived,xsd:string
Device.BulkData.Profile.1.Parameter.72,true,false,,
Device.BulkData.Profile.1.Parameter.72.Reference,false,false,Device.IP.Interface.*.Stats.BytesSent,xsd:string
Device.BulkData.Profile.1.Parameter.73,true,false,,
Device.BulkData.Profile.1.Parameter.73.Reference,false,false,Device.IP.Interface.*.Stats.ErrorsReceived,xsd:string
Device.BulkData.Profile.1.Parameter.74,true,false,,
Device.BulkData.Profile.1.Parameter.74.Reference,false,false,Device.IP.Interface.*.Stats.ErrorsSent,xsd:string
Device.BulkData.Profile.1.Parameter.75,true,false,,
Device.BulkData.Profile.1.Parameter.75.Reference,false,false,Device.IP.Interface.*.Stats.PacketsReceived,xsd:string
Device.BulkData.Profile.1.Parameter.76,true,false,,
Device.BulkData.Profile.1.Parameter.76.Reference,false,false,Device.IP.Interface.*.Stats.PacketsSent,xsd:string
Device.BulkData.Profile.1.Parameter.77,true,false,,
Device.BulkData.Profile.1.Parameter.77.Reference,false,false,Device.DeviceInfo.MemoryStatus.Free,xsd:string
Device.BulkData.Profile.1.Parameter.78,true,false,,
Device.BulkData.Profile.1.Parameter.78.Reference,false,false,Device.DeviceInfo.MemoryStatus.Total,xsd:string
Device.BulkData.Profile.1.Parameter.79,true,false,,
Device.BulkData.Profile.1.Parameter.79.Reference,false,false,Device.DeviceInfo.HardwareVersion,xsd:string
Device.BulkData.Profile.1.Parameter.80,true,false,,
Device.BulkData.Profile.1.Parameter.80.Reference,false,false,Device.DeviceInfo.ManufacturerOUI,xsd:string
Device.BulkData.Profile.1.Parameter.81,true,false,,
Device.BulkData.Profile.1.Parameter.81.Reference,false,false,Device.DeviceInfo.ModelName,xsd:string
Device.BulkData.Profile.1.Parameter.82,true,false,,
Device.BulkData.Profile.1.Parameter.82.Reference,false,false,Device.DeviceInfo.ProductClass,xsd:string
Device.BulkData.Profile.1.Parameter.83,true,false,,
Device.BulkData.Profile.1.Parameter.83.Reference,false,false,Device.DeviceInfo.ProcessStatus.CPUUsage,xsd:string
Device.BulkData.Profile.1.Parameter.84,true,false,,
Device.BulkData.Profile.1.Parameter.84.Reference,false,false,Device.DeviceInfo.SerialNumber,xsd:string
Device.BulkData.Profile.1.Parameter.85,true,false,,
Device.BulkData.Profile.1.Parameter.85.Reference,false,false,Device.DeviceInfo.SoftwareVersion,xsd:string
Device.WiFi.X_TPG_BandSteering.Enable,false,false,true,xsd:boolean
Device.Firewall.Enable,false,false,true,xsd:boolean
Device.WiFi.SSID.1,true,false,,
Device.WiFi.SSID.1.SSID,false,false,SaraMesh-24G,xsd:string
Device.WiFi.SSID.1.LowerLayers,false,false,Device.WiFi.Radio.1,xsd:string
Device.WiFi.SSID.2,true,false,,
Device.WiFi.SSID.2.SSID,false,false,SaraMesh-5G,xsd:string
Device.WiFi.SSID.2.LowerLayers,false,false,Device.WiFi.Radio.2,xsd:string
Device.Ethernet.Interface.1,true,false,,
Device.Ethernet.Interface.1.Enable,false,false,true,xsd:boolean
Device.Ethernet.Interface.1.Status,false,false,Up,xsd:string
Device.Ethernet.Interface.1.DuplexMode,false,false,Full,xsd:string
Device.Ethernet.Interface.1.Upstream,false,false,true,xsd:boolean
Device.Ethernet.Interface.1.Stats,true,false,,
Device.Ethernet.Interface.1.Stats.BytesReceived,false,false,2577850188,xsd:unsignedLong
Device.Ethernet.Interface.1.Stats.BytesSent,false,false,1840809392,xsd:unsignedLong
Device.Ethernet.Interface.1.Stats.ErrorsReceived,false,false,0,xsd:unsignedLong
Device.Ethernet.Interface.1.Stats.ErrorsSent,false,false,0,xsd:unsignedLong
Device.Ethernet.Interface.1.Stats.PacketsReceived,false,false,20239684,xsd:unsignedLong
Device.Ethernet.Interface.1.Stats.PacketsSent,false,false,16558882,xsd:unsignedLong
Device.Ethernet.Interface.2,true,false,,
Device.Ethernet.Interface.2.Enable,false,false,true,xsd:boolean
Device.Ethernet.Interface.2.Status,false,false,Up,xsd:string
Device.Ethernet.Interface.2.DuplexMode,false,false,Full,xsd:string
Device.Ethernet.Interface.2.Upstream,false,false,false,xsd:boolean
Device.Ethernet.Interface.2.Stats,true,false,,
Device.Ethernet.Interface.2.Stats.BytesReceived,false,false,2577850188,xsd:unsignedLong
Device.Ethernet.Interface.2.Stats.BytesSent,false,false,1840809392,xsd:unsignedLong
Device.Ethernet.Interface.2.Stats.ErrorsReceived,false,false,0,xsd:unsignedLong
Device.Ethernet.Interface.2.Stats.ErrorsSent,false,false,0,xsd:unsignedLong
Device.Ethernet.Interface.2.Stats.PacketsReceived,false,false,20239684,xsd:unsignedLong
Device.Ethernet.Interface.2.Stats.PacketsSent,false,false,16558882,xsd:unsignedLong
Device.IP.Interface.1,true,false,,
Device.IP.Interface.1.Alias,false,false,lan,xsd:string
Device.IP.Interface.1.Enable,false,false,true,xsd:boolean
Device.IP.Interface.1.Status,false,false,Up,xsd:string
Device.IP.Interface.1.IPv4Enable,false,false,true,xsd:boolean
Device.IP.Interface.1.IPv6Enable,false,false,false,xsd:boolean
Device.IP.Interface.1.LowerLayers,false,false,Device.Ethernet.Interface.2,xsd:string
Device.IP.Interface.1.IPv4Address,true,false,,
Device.IP.Interface.1.IPv4Address.1,true,false,,
Device.IP.Interface.1.IPv4Address.1.AddressingType,false,false,Static,xsd:string
Device.IP.Interface.1.IPv4Address.1.Enable,false,false,true,xsd:boolean
Device.IP.Interface.1.IPv4Address.1.IPAddress,false,false,192.168.1.1,xsd:string
Device.IP.Interface.1.IPv4Address.1.Status,false,false,Enabled,xsd:string
Device.IP.Interface.1.IPv4Address.1.SubnetMask,false,false,255.255.255.0,xsd:string
Device.IP.Interface.1.Stats,true,false,,
Device.IP.Interface.1.Stats.BytesReceived,false,false,2577850188,xsd:unsignedLong
Device.IP.Interface.1.Stats.BytesSent,false,false,1840809392,xsd:unsignedLong
Device.IP.Interface.1.Stats.ErrorsReceived,false,false,0,xsd:unsignedLong
Device.IP.Interface.1.Stats.ErrorsSent,false,false,0,xsd:unsignedLong
Device.IP.Interface.1.Stats.PacketsReceived,false,false,20239684,xsd:unsignedLong
Device.IP.Interface.1.Stats.PacketsSent,false,false,16558882,xsd:unsignedLong
Device.IP.Interface.2,true,false,,
Device.IP.Interface.2.Alias,false,false,management,xsd:string
Device.IP.Interface.2.Enable,false,false,true,xsd:boolean
Device.IP.Interface.2.Status,false,false,Up,xsd:string
Device.IP.Interface.2.IPv4Enable,false,false,true,xsd:boolean
Device.IP.Interface.2.IPv6Enable,false,false,false,xsd:boolean
Device.IP.Interface.2.LowerLayers,false,false,Device.Ethernet.Interface.1,xsd:string
Device.IP.Interface.2.IPv4Address,true,false,,
Device.IP.Interface.2.IPv4Address.1,true,false,,
Device.IP.Interface.2.IPv4Address.1.AddressingType,false,false,Static,xsd:string
Device.IP.Interface.2.IPv4Address.1.Enable,false,false,true,xsd:boolean
Device.IP.Interface.2.IPv4Address.1.IPAddress,false,false,172.25.0.40,xsd:string
Device.IP.Interface.2.IPv4Address.1.Status,false,false,Enabled,xsd:string
Device.IP.Interface.2.IPv4Address.1.SubnetMask,false,false,255.255.255.0,xsd:string
Device.IP.Interface.2.Stats,true,false,,
Device.IP.Interface.2.Stats.BytesReceived,false,false,2577850188,xsd:unsignedLong
Device.IP.Interface.2.Stats.BytesSent,false,false,1840809392,xsd:unsignedLong
Device.IP.Interface.2.Stats.ErrorsReceived,false,false,0,xsd:unsignedLong
Device.IP.Interface.2.Stats.ErrorsSent,false,false,0,xsd:unsignedLong
Device.IP.Interface.2.Stats.PacketsReceived,false,false,20239684,xsd:unsignedLong
Device.IP.Interface.2.Stats.PacketsSent,false,false,16558882,xsd:unsignedLong
Device.WiFi.DataElements.Network.Device,true,false,,
Device.WiFi.DataElements.Network.Device.1,true,false,,
Device.WiFi.DataElements.Network.Device.1.Radio,true,false,,
Device.WiFi.DataElements.Network.Device.1.Radio.1,true,false,,
Device.WiFi.DataElements.Network.Device.1.Radio.1.Utilization,false,false,42.5,xsd:unsignedInt
Device.WiFi.DataElements.Network.Device.1.Radio.1.Noise,false,false,-94.6,xsd:int
Device.WiFi.Radio.1,true,false,,
Device.WiFi.Radio.1.Enable,false,false,true,xsd:boolean
Device.WiFi.Radio.1.Status,false,false,Up,xsd:string
Device.WiFi.Radio.1.Channel,false,false,1,xsd:unsignedInt
Device.WiFi.Radio.1.OperatingChannelBandwidth,false,false,40MHz,xsd:string
Device.WiFi.Radio.1.OperatingFrequencyBand,false,false,2.4GHz,xsd:string
Device.WiFi.Radio.1.CurrentOperatingChannelBandwidth,false,false,40MHz,xsd:string
Device.WiFi.Radio.1.OperatingStandards,false,false,802.11n/ax,xsd:string
Device.WiFi.Radio.1.SupportedStandards,false,false,"802.11n,802.11ac,802.11ax",xsd:string
Device.WiFi.Radio.1.TransmitPower,false,false,18,xsd:int
Device.WiFi.Radio.1.Stats,true,false,,
Device.WiFi.Radio.1.Stats.BytesSent,false,false,460410620,xsd:unsignedLong
Device.WiFi.Radio.1.Stats.BytesReceived,false,false,644631708,xsd:unsignedLong
Device.WiFi.Radio.1.Stats.PacketsSent,false,false,4141825,xsd:unsignedLong
Device.WiFi.Radio.1.Stats.PacketsReceived,false,false,5062510,xsd:unsignedLong
Device.WiFi.Radio.1.Stats.ErrorsSent,false,false,0,xsd:unsignedLong
Device.WiFi.Radio.1.Stats.ErrorsReceived,false,false,0,xsd:unsignedLong
Device.WiFi.DataElements.Network.Device.1.Radio.1.BSS,true,false,,
Device.WiFi.DataElements.Network.Device.1.Radio.1.BSS.1,true,false,,
Device.WiFi.DataElements.Network.Device.1.Radio.1.BSS.1.BSSID,false,false,AA:BB:CC:10:01:01,xsd:string
Device.WiFi.DataElements.Network.Device.1.Radio.1.BSS.1.SSID,false,false,SaraMesh-24G,xsd:string
Device.WiFi.DataElements.Network.Device.1.Radio.1.BSS.1.STANumberOfEntries,false,false,0,xsd:unsignedInt
Device.WiFi.DataElements.Network.Device.1.Radio.1.BSS.1.STA,true,false,,
Device.WiFi.DataElements.Network.Device.1.Radio.2,true,false,,
Device.WiFi.DataElements.Network.Device.1.Radio.2.Utilization,false,false,36.1,xsd:unsignedInt
Device.WiFi.DataElements.Network.Device.1.Radio.2.Noise,false,false,-96.6,xsd:int
Device.WiFi.Radio.2,true,false,,
Device.WiFi.Radio.2.Enable,false,false,true,xsd:boolean
Device.WiFi.Radio.2.Status,false,false,Up,xsd:string
Device.WiFi.Radio.2.Channel,false,false,36,xsd:unsignedInt
Device.WiFi.Radio.2.OperatingChannelBandwidth,false,false,80MHz,xsd:string
Device.WiFi.Radio.2.OperatingFrequencyBand,false,false,5GHz,xsd:string
Device.WiFi.Radio.2.CurrentOperatingChannelBandwidth,false,false,80MHz,xsd:string
Device.WiFi.Radio.2.OperatingStandards,false,false,802.11ac/ax,xsd:string
Device.WiFi.Radio.2.SupportedStandards,false,false,"802.11n,802.11ac,802.11ax",xsd:string
Device.WiFi.Radio.2.TransmitPower,false,false,20,xsd:int
Device.WiFi.Radio.2.Stats,true,false,,
Device.WiFi.Radio.2.Stats.BytesSent,false,false,460534076,xsd:unsignedLong
Device.WiFi.Radio.2.Stats.BytesReceived,false,false,644977386,xsd:unsignedLong
Device.WiFi.Radio.2.Stats.PacketsSent,false,false,4141936,xsd:unsignedLong
Device.WiFi.Radio.2.Stats.PacketsReceived,false,false,5062732,xsd:unsignedLong
Device.WiFi.Radio.2.Stats.ErrorsSent,false,false,0,xsd:unsignedLong
Device.WiFi.Radio.2.Stats.ErrorsReceived,false,false,0,xsd:unsignedLong
Device.WiFi.DataElements.Network.Device.1.Radio.2.BSS,true,false,,
Device.WiFi.DataElements.Network.Device.1.Radio.2.BSS.1,true,false,,
Device.WiFi.DataElements.Network.Device.1.Radio.2.BSS.1.BSSID,false,false,AA:BB:CC:10:01:01,xsd:string
Device.WiFi.DataElements.Network.Device.1.Radio.2.BSS.1.SSID,false,false,SaraMesh-5G,xsd:string
Device.WiFi.DataElements.Network.Device.1.Radio.2.BSS.1.STANumberOfEntries,false,false,2,xsd:unsignedInt
Device.WiFi.DataElements.Network.Device.1.Radio.2.BSS.1.STA,true,false,,
Device.WiFi.DataElements.Network.Device.1.Radio.2.BSS.1.STA.1,true,false,,
Device.WiFi.DataElements.Network.Device.1.Radio.2.BSS.1.STA.1.MACAddress,false,false,DE:AD:BE:EF:00:01,xsd:string
Device.WiFi.DataElements.Network.Device.1.Radio.2.BSS.1.STA.1.BytesSent,false,false,414108860,xsd:unsignedLong
Device.WiFi.DataElements.Network.Device.1.Radio.2.BSS.1.STA.1.BytesReceived,false,false,690516817,xsd:unsignedLong
Device.WiFi.DataElements.Network.Device.1.Radio.2.BSS.1.STA.1.LastConnectTime,false,false,2026-07-09T10:48:58Z,xsd:string
Device.WiFi.DataElements.Network.Device.1.Radio.2.BSS.1.STA.1.LastDataDownlinkRate,false,false,851.4,xsd:unsignedInt
Device.WiFi.DataElements.Network.Device.1.Radio.2.BSS.1.STA.1.LastDataUplinkRate,false,false,527.9,xsd:unsignedInt
Device.WiFi.DataElements.Network.Device.1.Radio.2.BSS.1.STA.1.EstMACDataRateDownlink,false,false,68.4,xsd:decimal
Device.WiFi.DataElements.Network.Device.1.Radio.2.BSS.1.STA.1.EstMACDataRateUplink,false,false,23.2,xsd:decimal
Device.WiFi.DataElements.Network.Device.1.Radio.2.BSS.1.STA.2,true,false,,
Device.WiFi.DataElements.Network.Device.1.Radio.2.BSS.1.STA.2.MACAddress,false,false,DE:AD:BE:EF:00:02,xsd:string
Device.WiFi.DataElements.Network.Device.1.Radio.2.BSS.1.STA.2.BytesSent,false,false,414222272,xsd:unsignedLong
Device.WiFi.DataElements.Network.Device.1.Radio.2.BSS.1.STA.2.BytesReceived,false,false,690737888,xsd:unsignedLong
Device.WiFi.DataElements.Network.Device.1.Radio.2.BSS.1.STA.2.LastConnectTime,false,false,2026-07-09T10:48:58Z,xsd:string
Device.WiFi.DataElements.Network.Device.1.Radio.2.BSS.1.STA.2.LastDataDownlinkRate,false,false,851.4,xsd:unsignedInt
Device.WiFi.DataElements.Network.Device.1.Radio.2.BSS.1.STA.2.LastDataUplinkRate,false,false,527.9,xsd:unsignedInt
Device.WiFi.DataElements.Network.Device.1.Radio.2.BSS.1.STA.2.EstMACDataRateDownlink,false,false,72.0,xsd:decimal
Device.WiFi.DataElements.Network.Device.1.Radio.2.BSS.1.STA.2.EstMACDataRateUplink,false,false,24.5,xsd:decimal
Device.WiFi.AccessPoint.1,true,false,,
Device.WiFi.AccessPoint.1.Status,false,false,Enabled,xsd:string
Device.WiFi.AccessPoint.1.Enable,false,false,true,xsd:boolean
Device.WiFi.AccessPoint.1.SSIDReference,false,false,Device.WiFi.SSID.1,xsd:string
Device.WiFi.AccessPoint.1.AssociatedDevice,true,false,,
Device.WiFi.AccessPoint.1.AssociatedDevice.1,true,false,,
Device.WiFi.AccessPoint.1.AssociatedDevice.1.MACAddress,false,false,DE:AD:BE:EF:00:01,xsd:string
Device.WiFi.AccessPoint.1.AssociatedDevice.1.SignalStrength,false,false,-48.0,xsd:int
Device.WiFi.AccessPoint.1.AssociatedDevice.1.LastDataDownlinkRate,false,false,851.4,xsd:unsignedInt
Device.WiFi.AccessPoint.1.AssociatedDevice.1.LastDataUplinkRate,false,false,527.9,xsd:unsignedInt
Device.WiFi.AccessPoint.1.AssociatedDevice.1.OperatingStandard,false,false,802.11ax,xsd:string
Device.WiFi.AccessPoint.1.AssociatedDevice.1.Stats,true,false,,
Device.WiFi.AccessPoint.1.AssociatedDevice.1.Stats.RetryCount,false,false,39,xsd:unsignedLong
Device.Hosts.Host.1,true,false,,
Device.Hosts.Host.1.HostName,false,false,PORTATIL_SARA,xsd:string
Device.Hosts.Host.1.PhysAddress,false,false,DE:AD:BE:EF:00:01,xsd:string
Device.Hosts.Host.1.IPAddress,false,false,192.168.1.21,xsd:string
Device.Hosts.Host.1.ClientID,false,false,DE:AD:BE:EF:00:01,xsd:string
Device.Hosts.Host.1.Active,false,false,true,xsd:boolean
Device.Hosts.Host.1.InterfaceType,false,false,Wi-Fi,xsd:string
Device.WiFi.AccessPoint.1.AssociatedDevice.2,true,false,,
Device.WiFi.AccessPoint.1.AssociatedDevice.2.MACAddress,false,false,DE:AD:BE:EF:00:02,xsd:string
Device.WiFi.AccessPoint.1.AssociatedDevice.2.SignalStrength,false,false,-47.6,xsd:int
Device.WiFi.AccessPoint.1.AssociatedDevice.2.LastDataDownlinkRate,false,false,851.4,xsd:unsignedInt
Device.WiFi.AccessPoint.1.AssociatedDevice.2.LastDataUplinkRate,false,false,527.9,xsd:unsignedInt
Device.WiFi.AccessPoint.1.AssociatedDevice.2.OperatingStandard,false,false,802.11ax,xsd:string
Device.WiFi.AccessPoint.1.AssociatedDevice.2.Stats,true,false,,
Device.WiFi.AccessPoint.1.AssociatedDevice.2.Stats.RetryCount,false,false,39,xsd:unsignedLong
Device.Hosts.Host.2,true,false,,
Device.Hosts.Host.2.HostName,false,false,MOVIL_SARA,xsd:string
Device.Hosts.Host.2.PhysAddress,false,false,DE:AD:BE:EF:00:02,xsd:string
Device.Hosts.Host.2.IPAddress,false,false,192.168.1.34,xsd:string
Device.Hosts.Host.2.ClientID,false,false,DE:AD:BE:EF:00:02,xsd:string
Device.Hosts.Host.2.Active,false,false,true,xsd:boolean
Device.Hosts.Host.2.InterfaceType,false,false,Wi-Fi,xsd:string
Device.WiFi.DataElements.Network.Device.2,true,false,,
Device.WiFi.DataElements.Network.Device.2.Radio,true,false,,
Device.WiFi.DataElements.Network.Device.2.Radio.1,true,false,,
Device.WiFi.DataElements.Network.Device.2.Radio.1.Utilization,false,false,29.1,xsd:unsignedInt
Device.WiFi.DataElements.Network.Device.2.Radio.1.Noise,false,false,-94.6,xsd:int
Device.WiFi.Radio.3,true,false,,
Device.WiFi.Radio.3.Enable,false,false,true,xsd:boolean
Device.WiFi.Radio.3.Status,false,false,Up,xsd:string
Device.WiFi.Radio.3.Channel,false,false,6,xsd:unsignedInt
Device.WiFi.Radio.3.OperatingChannelBandwidth,false,false,40MHz,xsd:string
Device.WiFi.Radio.3.OperatingFrequencyBand,false,false,2.4GHz,xsd:string
Device.WiFi.Radio.3.CurrentOperatingChannelBandwidth,false,false,40MHz,xsd:string
Device.WiFi.Radio.3.OperatingStandards,false,false,802.11n/ax,xsd:string
Device.WiFi.Radio.3.SupportedStandards,false,false,"802.11n,802.11ac,802.11ax",xsd:string
Device.WiFi.Radio.3.TransmitPower,false,false,18,xsd:int
Device.WiFi.Radio.3.Stats,true,false,,
Device.WiFi.Radio.3.Stats.BytesSent,false,false,459870620,xsd:unsignedLong
Device.WiFi.Radio.3.Stats.BytesReceived,false,false,643947708,xsd:unsignedLong
Device.WiFi.Radio.3.Stats.PacketsSent,false,false,4137505,xsd:unsignedLong
Device.WiFi.Radio.3.Stats.PacketsReceived,false,false,5057110,xsd:unsignedLong
Device.WiFi.Radio.3.Stats.ErrorsSent,false,false,0,xsd:unsignedLong
Device.WiFi.Radio.3.Stats.ErrorsReceived,false,false,0,xsd:unsignedLong
Device.WiFi.DataElements.Network.Device.2.Radio.1.BSS,true,false,,
Device.WiFi.DataElements.Network.Device.2.Radio.1.BSS.1,true,false,,
Device.WiFi.DataElements.Network.Device.2.Radio.1.BSS.1.BSSID,false,false,AA:BB:CC:10:02:01,xsd:string
Device.WiFi.DataElements.Network.Device.2.Radio.1.BSS.1.SSID,false,false,SaraMesh-24G,xsd:string
Device.WiFi.DataElements.Network.Device.2.Radio.1.BSS.1.STANumberOfEntries,false,false,0,xsd:unsignedInt
Device.WiFi.DataElements.Network.Device.2.Radio.1.BSS.1.STA,true,false,,
Device.WiFi.DataElements.Network.Device.2.Radio.2,true,false,,
Device.WiFi.DataElements.Network.Device.2.Radio.2.Utilization,false,false,23.5,xsd:unsignedInt
Device.WiFi.DataElements.Network.Device.2.Radio.2.Noise,false,false,-96.6,xsd:int
Device.WiFi.Radio.4,true,false,,
Device.WiFi.Radio.4.Enable,false,false,true,xsd:boolean
Device.WiFi.Radio.4.Status,false,false,Up,xsd:string
Device.WiFi.Radio.4.Channel,false,false,149,xsd:unsignedInt
Device.WiFi.Radio.4.OperatingChannelBandwidth,false,false,80MHz,xsd:string
Device.WiFi.Radio.4.OperatingFrequencyBand,false,false,5GHz,xsd:string
Device.WiFi.Radio.4.CurrentOperatingChannelBandwidth,false,false,80MHz,xsd:string
Device.WiFi.Radio.4.OperatingStandards,false,false,802.11ac/ax,xsd:string
Device.WiFi.Radio.4.SupportedStandards,false,false,"802.11n,802.11ac,802.11ax",xsd:string
Device.WiFi.Radio.4.TransmitPower,false,false,20,xsd:int
Device.WiFi.Radio.4.Stats,true,false,,
Device.WiFi.Radio.4.Stats.BytesSent,false,false,459994076,xsd:unsignedLong
Device.WiFi.Radio.4.Stats.BytesReceived,false,false,644293386,xsd:unsignedLong
Device.WiFi.Radio.4.Stats.PacketsSent,false,false,4137616,xsd:unsignedLong
Device.WiFi.Radio.4.Stats.PacketsReceived,false,false,5057332,xsd:unsignedLong
Device.WiFi.Radio.4.Stats.ErrorsSent,false,false,0,xsd:unsignedLong
Device.WiFi.Radio.4.Stats.ErrorsReceived,false,false,0,xsd:unsignedLong
Device.WiFi.DataElements.Network.Device.2.Radio.2.BSS,true,false,,
Device.WiFi.DataElements.Network.Device.2.Radio.2.BSS.1,true,false,,
Device.WiFi.DataElements.Network.Device.2.Radio.2.BSS.1.BSSID,false,false,AA:BB:CC:10:02:01,xsd:string
Device.WiFi.DataElements.Network.Device.2.Radio.2.BSS.1.SSID,false,false,SaraMesh-5G,xsd:string
Device.WiFi.DataElements.Network.Device.2.Radio.2.BSS.1.STANumberOfEntries,false,false,1,xsd:unsignedInt
Device.WiFi.DataElements.Network.Device.2.Radio.2.BSS.1.STA,true,false,,
Device.WiFi.DataElements.Network.Device.2.Radio.2.BSS.1.STA.1,true,false,,
Device.WiFi.DataElements.Network.Device.2.Radio.2.BSS.1.STA.1.MACAddress,false,false,DE:AD:BE:EF:00:03,xsd:string
Device.WiFi.DataElements.Network.Device.2.Radio.2.BSS.1.STA.1.BytesSent,false,false,413988860,xsd:unsignedLong
Device.WiFi.DataElements.Network.Device.2.Radio.2.BSS.1.STA.1.BytesReceived,false,false,690246817,xsd:unsignedLong
Device.WiFi.DataElements.Network.Device.2.Radio.2.BSS.1.STA.1.LastConnectTime,false,false,2026-07-09T10:48:58Z,xsd:string
Device.WiFi.DataElements.Network.Device.2.Radio.2.BSS.1.STA.1.LastDataDownlinkRate,false,false,967.0,xsd:unsignedInt
Device.WiFi.DataElements.Network.Device.2.Radio.2.BSS.1.STA.1.LastDataUplinkRate,false,false,599.6,xsd:unsignedInt
Device.WiFi.DataElements.Network.Device.2.Radio.2.BSS.1.STA.1.EstMACDataRateDownlink,false,false,57.6,xsd:decimal
Device.WiFi.DataElements.Network.Device.2.Radio.2.BSS.1.STA.1.EstMACDataRateUplink,false,false,19.3,xsd:decimal
Device.WiFi.AccessPoint.2,true,false,,
Device.WiFi.AccessPoint.2.Status,false,false,Enabled,xsd:string
Device.WiFi.AccessPoint.2.Enable,false,false,true,xsd:boolean
Device.WiFi.AccessPoint.2.SSIDReference,false,false,Device.WiFi.SSID.1,xsd:string
Device.WiFi.AccessPoint.2.AssociatedDevice,true,false,,
Device.WiFi.AccessPoint.2.AssociatedDevice.1,true,false,,
Device.WiFi.AccessPoint.2.AssociatedDevice.1.MACAddress,false,false,DE:AD:BE:EF:00:03,xsd:string
Device.WiFi.AccessPoint.2.AssociatedDevice.1.SignalStrength,false,false,-45.3,xsd:int
Device.WiFi.AccessPoint.2.AssociatedDevice.1.LastDataDownlinkRate,false,false,967.0,xsd:unsignedInt
Device.WiFi.AccessPoint.2.AssociatedDevice.1.LastDataUplinkRate,false,false,599.6,xsd:unsignedInt
Device.WiFi.AccessPoint.2.AssociatedDevice.1.OperatingStandard,false,false,802.11ax,xsd:string
Device.WiFi.AccessPoint.2.AssociatedDevice.1.Stats,true,false,,
Device.WiFi.AccessPoint.2.AssociatedDevice.1.Stats.RetryCount,false,false,26,xsd:unsignedLong
Device.Hosts.Host.3,true,false,,
Device.Hosts.Host.3.HostName,false,false,TABLET,xsd:string
Device.Hosts.Host.3.PhysAddress,false,false,DE:AD:BE:EF:00:03,xsd:string
Device.Hosts.Host.3.IPAddress,false,false,192.168.1.45,xsd:string
Device.Hosts.Host.3.ClientID,false,false,DE:AD:BE:EF:00:03,xsd:string
Device.Hosts.Host.3.Active,false,false,true,xsd:boolean
Device.Hosts.Host.3.InterfaceType,false,false,Wi-Fi,xsd:string
Device.X_SARA_Lab,true,false,,
Device.X_SARA_Lab.Scenario,true,false,,
Device.X_SARA_Lab.Event,true,false,,
Device.X_SARA_Lab.Scenario.Id,false,false,normal,xsd:string
Device.X_SARA_Lab.Scenario.Description,false,false,"Cobertura estable, baja interferencia y baja carga.",xsd:string
Device.X_SARA_Lab.Scenario.LastUpdateUTC,false,false,2026-07-09T10:48:58Z,xsd:string
Device.X_SARA_Lab.Scenario.Source,false,false,Laboratory scenario marker - not TelcoX BulkData,xsd:string
Device.X_SARA_Lab.Event.Type,false,false,None,xsd:string
Device.X_SARA_Lab.Event.Result,false,false,NoEvent,xsd:string
Device.X_SARA_Lab.Event.Reason,false,false,stable,xsd:string
Device.X_SARA_Lab.Event.FromDevice,false,false,,xsd:string
Device.X_SARA_Lab.Event.ToDevice,false,false,,xsd:string
Device.X_SARA_Lab.Event.ClientMAC,false,false,DE:AD:BE:EF:00:02,xsd:string
Device.X_SARA_Lab.Event.SteeringCount,false,false,28,xsd:unsignedInt
